title,year,episodes,country,viewer_score,rank,genres,network,watchers
Twinkling Watermelon,2023,16,Korean,9.2,1,"Genres: Romance, Youth, Drama, Fantasy","Original Network: TVING, tvN",35440
Move to Heaven,2021,10,Korean,9.1,2,"Genres: Life, Drama",Original Network: Netflix,80661
Moving,2023,20,Korean,9.1,3,"Genres: Action, Thriller, Mystery, Supernatural","Original Network: Disney+, Hulu",40218
Weak Hero Class 1,2022,8,Korean,9.1,4,"Genres: Action, Youth, Drama",na,59302
Hospital Playlist Season 2,2021,12,Korean,9.1,5,"Genres: Romance, Life, Drama, Medical","Original Network: Netflix, tvN",56745
Nirvana in Fire,2015,54,Chinese,9.1,6,"Genres: Military, Historical, Drama, Political",Original Network: BTV,30234
Flower of Evil,2020,16,Korean,9.1,7,"Genres: Thriller, Romance, Crime, Melodrama",Original Network: tvN,113940
Alchemy of Souls,2022,20,Korean,9.1,8,"Genres: Action, Historical, Romance, Fantasy","Original Network: Netflix, tvN",84981
Hospital Playlist,2020,12,Korean,9.1,9,"Genres: Romance, Life, Drama, Medical","Original Network: Netflix, tvN",95102
Reset,2022,15,Chinese,9.1,10,"Genres: Thriller, Mystery, Sci-Fi",Original Network: Tencent Video,29180
Reply 1988,2015,20,Korean,9.1,11,"Genres: Comedy, Romance, Life, Youth",Original Network: tvN,99417
Hidden Love,2023,25,Chinese,9.0,12,"Genres: Comedy, Romance, Youth",Original Network: Youku,53119
My Mister,2018,16,Korean,9.0,13,"Genres: Psychological, Life, Drama",Original Network: tvN,70199
1 Litre no Namida,2005,11,Japanese,9.0,14,"Genres: Romance, Drama, Melodrama",Original Network: Fuji TV,38198
Love Like the Galaxy: Part 2,2022,29,Chinese,9.0,15,"Genres: Historical, Mystery, Romance, Political","Original Network: Dragon TV, iQiyi, Tencent Video",23326
Mysterious Lotus Casebook,2023,40,Chinese,9.0,16,"Genres: Mystery, Wuxia","Original Network: CCTV, iQiyi",10840
Joy of Life,2019,46,Chinese,9.0,17,"Genres: Mystery, Romance, Wuxia, Fantasy","Original Network: iQiyi, Tencent Video",23094
Under the Queen's Umbrella,2022,16,Korean,9.0,18,"Genres: Historical, Comedy, Drama, Political","Original Network: Netflix, tvN",27926
The Untamed,2019,50,Chinese,9.0,19,"Genres: Mystery, Wuxia, Fantasy",Original Network: Tencent Video,91633
When I Fly Towards You,2023,24,Chinese,9.0,20,"Genres: Comedy, Romance, Youth",Original Network: Youku,30519
Someday or One Day,2019,13,Taiwanese,9.0,21,"Genres: Thriller, Romance, Sci-Fi",Original Network: CTV,27245
The Glory Part 2,2023,8,Korean,9.0,22,"Genres: Thriller, Drama, Melodrama",Original Network: Netflix,55074
Love Like the Galaxy: Part 1,2022,27,Chinese,9.0,23,"Genres: Historical, Mystery, Romance, Political","Original Network: Dragon TV, iQiyi, Tencent Video",31623
Crash Landing on You,2019,16,Korean,9.0,24,"Genres: Military, Comedy, Romance, Political","Original Network: Netflix, tvN",169623
Dr. Romantic Season 3,2023,16,Korean,9.0,25,"Genres: Romance, Drama, Medical","Original Network: Disney+, SBS",22732
Prison Playbook,2017,16,Korean,9.0,26,"Genres: Comedy, Crime, Life, Drama","Original Network: Netflix, tvN",73806
Mr. Queen,2020,20,Korean,9.0,27,"Genres: Historical, Comedy, Romance, Fantasy",Original Network: tvN,81643
Oh No! Here Comes Trouble,2023,12,Taiwanese,9.0,28,"Genres: Mystery, Comedy, Drama, Supernatural",Original Network: iQiyi,8870
Mother,2018,16,Korean,9.0,29,"Genres: Thriller, Mystery, Psychological, Melodrama",Original Network: tvN,32495
Mother,2018,16,Korean,9.0,29,"Genres: Thriller, Drama",Original Network: NTV,10860
Mother,2010,11,Japanese,8.6,146,"Genres: Thriller, Mystery, Psychological, Melodrama",Original Network: tvN,32495
Mother,2010,11,Japanese,8.6,146,"Genres: Thriller, Drama",Original Network: NTV,10860
Go Ahead,2020,46,Chinese,8.9,30,"Genres: Comedy, Romance, Drama, Melodrama","Original Network: Hunan TV, iQiyi, Mango TV",46174
It's Okay to Not Be Okay,2020,16,Korean,8.9,31,"Genres: Psychological, Comedy, Romance, Drama","Original Network: Netflix, tvN",174805
Extraordinary Attorney Woo,2022,16,Korean,8.9,32,"Genres: Law, Romance, Life, Drama","Original Network: ENA, Netflix",96969
Alchemy of Souls Season 2: Light and Shadow,2022,10,Korean,8.9,33,"Genres: Action, Historical, Romance, Fantasy","Original Network: Netflix, tvN",51673
Navillera,2021,12,Korean,8.9,34,"Genres: Life, Drama","Original Network: Netflix, tvN",41925
The Glory,2022,8,Korean,8.9,35,"Genres: Thriller, Drama, Melodrama",Original Network: Netflix,76323
Vincenzo,2021,20,Korean,8.9,36,"Genres: Comedy, Law, Crime, Drama","Original Network: Netflix, tvN",135293
Signal,2016,16,Korean,8.9,37,"Genres: Thriller, Mystery, Sci-Fi",Original Network: tvN,76998
The Blood of Youth,2022,40,Chinese,8.9,38,"Genres: Wuxia, Youth, Fantasy",Original Network: Youku,10680
The Good Bad Mother,2023,14,Korean,8.9,39,"Genres: Comedy, Life, Drama, Family","Original Network: jTBC, Netflix, TVING",38238
I Feel You Linger in the Air: Uncut Version,2023,12,Thai,8.9,40,"Genres: Historical, Romance, Drama, Fantasy",Original Network: Youku,4997
Meet Yourself,2023,40,Chinese,8.9,41,"Genres: Romance, Life, Drama","Original Network: Hunan TV, Mango TV",14852
Kingdom Season 2,2020,6,Korean,8.9,42,"Genres: Thriller, Historical, Horror, Supernatural",Original Network: Netflix,41009
Happiness,2021,12,Korean,8.9,43,"Genres: Action, Thriller, Drama, Sci-Fi","Original Network: TVING, tvN",72942
Taxi Driver Season 2,2023,16,Korean,8.9,44,"Genres: Action, Thriller, Mystery, Crime","Original Network: SBS, ViuTV",22316
My Dearest,2023,10,Korean,8.9,45,"Genres: Historical, Romance, Drama, Melodrama",Original Network: MBC,15090
Mr. Sunshine,2018,24,Korean,8.9,46,"Genres: Military, Historical, Romance, Melodrama","Original Network: Netflix, tvN",69218
One Piece,2023,8,Japanese,8.9,47,"Genres: Action, Adventure, Comedy, Fantasy",Original Network: Netflix,9697
My Dearest Part 2,2023,11,Korean,8.9,48,"Genres: Historical, Romance, Drama, Melodrama",Original Network: MBC,7030
Tomorrow,2022,16,Korean,8.8,49,"Genres: Action, Thriller, Drama, Fantasy","Original Network: MBC, Netflix",75119
Story of Kunning Palace,2023,38,Chinese,8.8,50,"Genres: Historical, Romance, Drama, Fantasy",Original Network: iQiyi,12316
Hikaru no Go,2020,36,Chinese,8.8,51,"Genres: Comedy, Drama, Sports, Supernatural",Original Network: iQiyi,8722
Imawa no Kuni no Alice Season 2,2022,8,Japanese,8.8,52,"Genres: Action, Thriller, Mystery, Psychological",Original Network: Netflix,41500
Tale of the Nine-Tailed 1938,2023,12,Korean,8.8,53,"Genres: Historical, Horror, Romance, Fantasy","Original Network: Amazon Prime, tvN",28038
More than Blue: The Series,2021,10,Taiwanese,8.8,54,"Genres: Music, Romance, Life, Melodrama",Original Network: Netflix,6563
Healer,2014,20,Korean,8.8,55,"Genres: Action, Thriller, Mystery, Romance",Original Network: KBS2,137704
The Story of Ming Lan,2018,78,Chinese,8.8,56,"Genres: Historical, Romance, Life, Drama",Original Network: Hunan TV,19853
Love Between Fairy and Devil,2022,36,Chinese,8.8,57,"Genres: Comedy, Romance, Wuxia, Fantasy",Original Network: iQiyi,40508
Mouse,2021,20,Korean,8.8,58,"Genres: Thriller, Mystery, Psychological, Sci-Fi",Original Network: tvN,55808
Imawa no Kuni no Alice,2020,8,Japanese,8.8,59,"Genres: Action, Thriller, Sci-Fi",Original Network: Netflix,80151
Goblin,2016,16,Korean,8.8,60,"Genres: Comedy, Romance, Fantasy, Melodrama",Original Network: tvN,216444
The Uncanny Counter,2020,16,Korean,8.8,61,"Genres: Action, Mystery, Drama, Supernatural","Original Network: Netflix, OCN",86874
Daily Dose of Sunshine,2023,12,Korean,8.8,62,"Genres: Life, Drama, Medical",Original Network: Netflix,22091
Stranger,2017,16,Korean,8.8,63,"Genres: Thriller, Mystery, Law, Drama","Original Network: Netflix, tvN",54233
Twenty-Five Twenty-One,2022,16,Korean,8.8,64,"Genres: Romance, Life, Drama, Melodrama","Original Network: Netflix, tvN",82820
The Red Sleeve,2021,17,Korean,8.8,65,"Genres: Historical, Romance, Drama, Melodrama","Original Network: MBC, Viki",39154
D.P.,2021,6,Korean,8.8,66,"Genres: Action, Military, Drama",Original Network: Netflix,51579
Eternal Love,2017,58,Chinese,8.8,67,"Genres: Romance, Wuxia, Drama, Fantasy",Original Network: ZJTV,43691
SKY Castle,2018,20,Korean,8.8,68,"Genres: Mystery, Psychological, Drama",Original Network: jTBC,66664
Taxi Driver,2021,16,Korean,8.8,69,"Genres: Action, Thriller, Crime, Drama",Original Network: SBS,56691
Missing: The Other Side Season 2,2022,14,Korean,8.8,70,"Genres: Thriller, Mystery, Supernatural",Original Network: tvN,7995
Kingdom,2019,6,Korean,8.8,71,"Genres: Thriller, Historical, Horror, Political",Original Network: Netflix,66202
Weightlifting Fairy Kim Bok Joo,2016,16,Korean,8.8,72,"Genres: Comedy, Romance, Life, Sports",Original Network: MBC,182311
Story of Yanxi Palace,2018,70,Chinese,8.8,73,"Genres: Historical, Romance, Drama",Original Network: iQiyi,17223
Youth of May,2021,12,Korean,8.8,74,"Genres: Romance, Youth, Drama, Melodrama",Original Network: KBS2,50813
Sword Snow Stride,2021,38,Chinese,8.7,75,"Genres: Wuxia, Drama, Fantasy, Melodrama","Original Network: CCTV, Tencent Video",10081
You Are My Glory,2021,32,Chinese,8.7,76,"Genres: Comedy, Romance, Life, Drama",Original Network: Tencent Video,47144
Through the Darkness,2022,12,Korean,8.7,77,"Genres: Thriller, Mystery, Crime, Drama",Original Network: SBS,18667
The Devil Judge,2021,16,Korean,8.7,78,"Genres: Mystery, Law, Crime, Drama",Original Network: tvN,53916
Dr. Romantic Season 2,2020,16,Korean,8.7,79,"Genres: Romance, Drama, Medical, Melodrama",Original Network: SBS,51984
Thai Cave Rescue,2022,6,Thai,8.7,80,Genres: Drama,"Original Network: Channel 3, Netflix",1962
Life on Mars,2018,16,Korean,8.7,81,"Genres: Action, Mystery, Psychological, Comedy",Original Network: OCN,28676
Love and Redemption,2020,59,Chinese,8.7,82,"Genres: Romance, Wuxia, Drama, Fantasy","Original Network: Mango TV, Tencent Video, Youku",25347
Racket Boys,2021,16,Korean,8.7,83,"Genres: Comedy, Life, Drama, Sports","Original Network: Netflix, SBS",26891
Dear My Friends,2016,16,Korean,8.7,84,"Genres: Life, Drama, Melodrama",Original Network: tvN,12902
Beyond Evil,2021,16,Korean,8.7,85,"Genres: Thriller, Mystery, Psychological, Drama",Original Network: jTBC,51462
Arthdal Chronicles Part 3: The Prelude to All Legends,2019,6,Korean,8.7,86,"Genres: Historical, Romance, Fantasy, Political","Original Network: Netflix, tvN",22342
First Love: Hatsukoi,2022,9,Japanese,8.7,87,"Genres: Romance, Drama, Melodrama",Original Network: Netflix,17226
Hometown Cha-Cha-Cha,2021,16,Korean,8.7,88,"Genres: Comedy, Romance, Life, Drama","Original Network: Netflix, tvN",100999
Under the Skin,2022,20,Chinese,8.7,89,"Genres: Thriller, Mystery","Original Network: iQiyi, Tencent Video",9923
I Am Nobody,2023,27,Chinese,8.7,90,"Genres: Comedy, Wuxia, Drama, Fantasy",Original Network: Youku,7135
"Arthdal Chronicles Part 2: The Sky Turning Inside Out, Rising Land",2019,6,Korean,8.7,91,"Genres: Historical, Romance, Fantasy, Political","Original Network: Netflix, tvN",24998
Six Flying Dragons,2015,50,Korean,8.7,92,"Genres: Action, Historical, Drama, Political",Original Network: SBS,23700
The Penthouse: War in Life,2020,21,Korean,8.7,93,"Genres: Thriller, Mystery, Drama",Original Network: SBS,53259
Moon Lovers: Scarlet Heart Ryeo,2016,20,Korean,8.7,94,"Genres: Historical, Romance, Fantasy, Melodrama",Original Network: SBS,136016
The Penthouse Season 2: War in Life,2021,13,Korean,8.7,95,"Genres: Thriller, Mystery, Drama",Original Network: SBS,34871
Partners for Justice Season 2,2019,32,Korean,8.7,96,"Genres: Mystery, Law, Drama, Medical",Original Network: MBC,9949
While You Were Sleeping,2017,32,Korean,8.7,97,"Genres: Mystery, Romance, Drama, Supernatural",Original Network: SBS,152184
D.P. Season 2,2023,6,Korean,8.7,98,"Genres: Action, Military, Drama",Original Network: Netflix,18887
The Guest,2018,16,Korean,8.7,99,"Genres: Thriller, Mystery, Horror, Supernatural",Original Network: OCN,35128
Sweet Home,2020,10,Korean,8.7,100,"Genres: Action, Horror, Drama, Sci-Fi",Original Network: Netflix,90778
Our Beloved Summer,2021,16,Korean,8.7,101,"Genres: Romance, Life, Youth, Drama","Original Network: Netflix, SBS",81335
Ultimate Note,2020,37,Chinese,8.7,102,"Genres: Action, Adventure, Thriller, Mystery",Original Network: iQiyi,8737
Mystery to Iunakare,2022,12,Japanese,8.7,103,"Genres: Mystery, Psychological, Life, Drama",Original Network: Fuji TV,5739
The Long Ballad,2021,49,Chinese,8.7,104,"Genres: Action, Historical, Romance, War",Original Network: Tencent Video,27802
Strong Woman Do Bong Soon,2017,16,Korean,8.7,105,"Genres: Action, Comedy, Romance, Supernatural",Original Network: jTBC,202933
My Name,2021,8,Korean,8.7,106,"Genres: Action, Thriller, Mystery, Crime",Original Network: Netflix,82524
Defendant,2017,18,Korean,8.7,107,"Genres: Thriller, Mystery, Law, Drama",Original Network: SBS,29939
The King of Pigs,2022,12,Korean,8.7,108,"Genres: Thriller, Mystery, Drama",Original Network: TVING,13313
Revenant,2023,12,Korean,8.7,109,"Genres: Thriller, Mystery, Horror, Supernatural","Original Network: Disney+, SBS",23799
18 Again,2020,16,Korean,8.7,110,"Genres: Romance, Life, Drama, Fantasy",Original Network: jTBC,66119
Nirvana in Fire Season 2: The Wind Blows in Chang Lin,2017,50,Chinese,8.7,111,"Genres: Military, Wuxia, Drama, Political","Original Network: BTV, Dragon TV",7373
A Business Proposal,2022,12,Korean,8.7,112,"Genres: Comedy, Romance, Drama","Original Network: Netflix, SBS",129760
"Kill Me, Heal Me",2015,20,Korean,8.7,113,"Genres: Psychological, Comedy, Romance, Drama",Original Network: MBC,107431
Who Rules the World,2022,40,Chinese,8.7,114,"Genres: Romance, Wuxia, Fantasy",Original Network: Tencent Video,32902
One and Only,2021,24,Chinese,8.7,115,"Genres: Military, Romance, Wuxia, Political","Original Network: iQiyi, Tencent Video",17597
Unnatural,2018,10,Japanese,8.7,116,"Genres: Thriller, Mystery, Medical",Original Network: TBS,8883
Lighter & Princess,2022,36,Chinese,8.7,117,"Genres: Business, Romance, Youth, Drama",Original Network: Youku,27359
Lost You Forever,2023,39,Chinese,8.7,118,"Genres: Romance, Wuxia, Drama, Fantasy",Original Network: Tencent Video,12482
Dr. Romantic,2016,20,Korean,8.7,119,"Genres: Romance, Drama, Medical",Original Network: SBS,64752
New Life Begins,2022,40,Chinese,8.7,120,"Genres: Historical, Comedy, Romance, Life",Original Network: iQiyi,12832
The First Responders,2022,12,Korean,8.7,121,"Genres: Action, Thriller, Mystery, Drama","Original Network: DRAMAcube, ENA, SBS, SBS Plus",17297
Misaeng: Incomplete Life,2014,20,Korean,8.7,122,"Genres: Business, Life, Drama",Original Network: tvN,31740
Strangers from Hell,2019,10,Korean,8.7,123,"Genres: Thriller, Horror, Psychological, Drama",Original Network: OCN,63778
Hot Stove League,2019,16,Korean,8.7,124,"Genres: Drama, Sports, Melodrama",Original Network: SBS,24290
Chicago Typewriter,2017,16,Korean,8.7,125,"Genres: Comedy, Romance, Supernatural, Political",Original Network: tvN,60682
Jewel in the Palace,2003,54,Korean,8.7,126,"Genres: Food, Historical, Romance, Medical",Original Network: MBC,17859
Our Blues,2022,20,Korean,8.7,127,"Genres: Romance, Life, Drama, Melodrama","Original Network: Netflix, tvN",35571
The Kidnapping Day,2023,12,Korean,8.6,128,"Genres: Thriller, Mystery, Comedy, Drama",Original Network: ENA,7315
"3 Nen A Gumi: Ima kara Mina-san wa, Hitojichi Desu",2019,10,Japanese,8.6,129,"Genres: Action, Thriller, Mystery, Psychological",Original Network: NTV,16452
The Worst of Evil,2023,12,Korean,8.6,130,"Genres: Action, Thriller, Mystery, Crime","Original Network: Disney+, Hulu",23695
Hanzawa Naoki,2013,10,Japanese,8.6,131,"Genres: Thriller, Business, Drama",Original Network: TBS,7579
Battle of Changsha,2014,32,Chinese,8.6,132,"Genres: Military, Historical, Romance, War",Original Network: BTV,7679
Bloodhounds,2023,8,Korean,8.6,133,"Genres: Action, Thriller, Crime, Drama",Original Network: Netflix,33923
Descendants of the Sun,2016,16,Korean,8.6,134,"Genres: Action, Comedy, Romance, Melodrama",Original Network: KBS2,181629
Glory of Special Forces,2022,45,Chinese,8.6,135,"Genres: Action, Military, Youth, Drama","Original Network: Dragon TV, iQiyi, Tencent Video, Youku, ZJTV",7150
Hotel del Luna,2019,16,Korean,8.6,136,"Genres: Horror, Comedy, Romance, Fantasy",Original Network: tvN,153836
Winter Begonia,2020,49,Chinese,8.6,137,"Genres: Historical, Business, Romance, Drama",Original Network: iQiyi,8054
My Journey to You,2023,24,Chinese,8.6,138,"Genres: Romance, Wuxia, Drama, Fantasy",Original Network: iQiyi,14453
Falling Into Your Smile,2021,31,Chinese,8.6,139,"Genres: Comedy, Romance, Youth, Sports","Original Network: LINE TV, Tencent Video, Youku",60520
The Bad Kids,2020,12,Chinese,8.6,140,"Genres: Adventure, Thriller, Mystery",Original Network: iQiyi,7508
Till the End of the Moon,2023,40,Chinese,8.6,141,"Genres: Romance, Wuxia, Fantasy",Original Network: Youku,26703
Tunnel,2017,16,Korean,8.6,142,"Genres: Thriller, Mystery, Sci-Fi, Fantasy",Original Network: OCN,41023
You Are My Hero,2021,40,Chinese,8.6,143,"Genres: Military, Romance, Drama, Medical","Original Network: iQiyi, Tencent Video, Youku",28186
The Fiery Priest,2019,40,Korean,8.6,144,"Genres: Action, Mystery, Comedy, Crime",Original Network: SBS,29593
My Perfect Stranger,2023,16,Korean,8.6,145,"Genres: Mystery, Romance, Drama, Sci-Fi","Original Network: KBS2, ViuTV",17285
Missing: The Other Side,2020,12,Korean,8.6,147,"Genres: Thriller, Mystery, Supernatural",Original Network: OCN,18099
Live,2018,18,Korean,8.6,148,"Genres: Romance, Life, Drama","Original Network: Netflix, tvN",22314
Project S: Skate Our Souls,2017,8,Thai,8.6,149,"Genres: Psychological, Youth, Drama, Sports",Original Network: GMM 25,4977
My Liberation Notes,2022,16,Korean,8.6,150,"Genres: Romance, Life, Drama, Melodrama","Original Network: jTBC, Netflix",37773
"It's Okay, That's Love",2014,16,Korean,8.6,151,"Genres: Psychological, Comedy, Romance, Drama",Original Network: SBS,86109
Law School,2021,16,Korean,8.6,152,"Genres: Mystery, Law, Crime, Drama","Original Network: jTBC, Netflix",46748
Perfect Marriage Revenge,2023,12,Korean,8.6,153,"Genres: Business, Romance, Drama, Fantasy","Original Network: MBN, Viki",21710
Cross Fire,2020,36,Chinese,8.6,154,"Genres: Action, Youth, Sci-Fi, Sports",Original Network: Tencent Video,11119
Children of Nobody,2018,32,Korean,8.6,155,"Genres: Thriller, Mystery, Psychological, Drama",Original Network: MBC,16628
Vigilante,2023,8,Korean,8.6,156,"Genres: Action, Thriller, Psychological, Crime","Original Network: Disney+, Hulu",18586
Love Destiny,2018,15,Thai,8.6,157,"Genres: Historical, Comedy, Romance, Supernatural",Original Network: Channel 3,7075
Once Again,2020,100,Korean,8.6,158,"Genres: Comedy, Romance, Life, Drama",Original Network: KBS2,14349
Kazoku Game,2013,10,Japanese,8.6,159,"Genres: Mystery, Psychological, Life, Drama",Original Network: Fuji TV,10874
Castaway Diva,2023,12,Korean,8.5,160,"Genres: Music, Comedy, Romance, Drama","Original Network: Netflix, TVING, tvN",23507
Lovely Us,2020,16,Chinese,8.6,161,"Genres: Comedy, Romance, Life, Youth",Original Network: iQiyi,9567
Ghost Doctor,2022,16,Korean,8.6,162,"Genres: Comedy, Medical, Fantasy, Supernatural",Original Network: tvN,33553
The Starry Love,2023,40,Chinese,8.6,163,"Genres: Comedy, Romance, Wuxia, Fantasy","Original Network: JSTV, Youku, ZJTV",16878
The Romance of Tiger and Rose,2020,24,Chinese,8.6,164,"Genres: Historical, Comedy, Romance, Fantasy",Original Network: Tencent Video,38789
Eternal Love of Dream,2020,56,Chinese,8.6,165,"Genres: Romance, Wuxia, Drama, Fantasy",Original Network: Tencent Video,23970
Ashes of Love,2018,63,Chinese,8.6,166,"Genres: Romance, Wuxia, Drama, Fantasy","Original Network: iQiyi, JSTV, Tencent Video, Youku",44161
Juvenile Justice,2022,10,Korean,8.6,167,"Genres: Law, Drama",Original Network: Netflix,28993
Word of Honor,2021,36,Chinese,8.6,168,"Genres: Mystery, Wuxia, Fantasy, Political",Original Network: Youku,37486
Go Back Couple,2017,12,Korean,8.6,169,"Genres: Comedy, Romance, Life, Fantasy",Original Network: KBS2,42545
Tenno no Ryoriban,2015,12,Japanese,8.6,170,"Genres: Food, Historical, Drama",Original Network: TBS,5131
Eulachacha Waikiki,2018,20,Korean,8.6,171,"Genres: Comedy, Romance, Life, Drama",Original Network: jTBC,66054
Shining for One Thing,2022,24,Chinese,8.6,172,"Genres: Mystery, Romance, Youth, Fantasy",Original Network: iQiyi,8771
Empress Ki,2013,51,Korean,8.6,173,"Genres: Historical, Romance, Melodrama, Political",Original Network: MBC,41160
The Gifted,2018,13,Thai,8.6,174,"Genres: Thriller, Mystery, Psychological, Supernatural",Original Network: GMM One,24721
Good Manager,2017,20,Korean,8.6,175,"Genres: Business, Comedy, Crime, Drama",Original Network: KBS2,37732
Beautiful World,2019,16,Korean,8.5,176,"Genres: Thriller, Mystery, Life, Melodrama","Original Network: jTBC, Viki",10705
Big Mouth,2022,16,Korean,8.5,177,"Genres: Thriller, Mystery, Law, Drama","Original Network: Hulu, MBC",54973
Money Heist: Korea - Joint Economic Area - Part 2,2022,6,Korean,8.5,178,"Genres: Action, Thriller, Mystery, Crime",Original Network: Netflix,13510
The Bridal Mask,2012,28,Korean,8.5,179,"Genres: Action, Historical, Romance, Political",Original Network: KBS2,28828
Stranger Season 2,2020,16,Korean,8.5,180,"Genres: Thriller, Mystery, Law, Drama","Original Network: Netflix, tvN",19666
Cruel City,2013,20,Korean,8.5,181,"Genres: Action, Thriller, Romance, Crime",Original Network: jTBC,24768
Ancient Love Poetry,2021,49,Chinese,8.5,182,"Genres: Romance, Wuxia, Drama, Fantasy",Original Network: Tencent Video,18803
Forever Love,2020,28,Chinese,8.5,183,"Genres: Comedy, Romance, Youth, Drama",Original Network: Tencent Video,19268
My Father Is Strange,2017,52,Korean,8.5,184,"Genres: Comedy, Romance, Drama",Original Network: KBS2,30111
Duty After School: Part 1,2023,6,Korean,8.5,185,"Genres: Action, Thriller, Drama, Sci-Fi",Original Network: TVING,21424
Avengers Social Club,2017,12,Korean,8.5,186,"Genres: Comedy, Life, Drama",Original Network: tvN,15636
Nobody Knows,2020,16,Korean,8.5,187,"Genres: Thriller, Mystery, Drama, Melodrama",Original Network: SBS,18731
In Family We Trust,2018,18,Thai,8.5,188,"Genres: Thriller, Mystery, Drama",Original Network: GMM One,3079
Love to Hate You,2023,10,Korean,8.5,189,"Genres: Comedy, Law, Romance",Original Network: Netflix,42187
MIU 404,2020,11,Japanese,8.5,190,"Genres: Mystery, Comedy",Original Network: TBS,4629
Designated Survivor: 60 Days,2019,16,Korean,8.5,191,"Genres: Thriller, Mystery, Drama, Political","Original Network: Netflix, tvN",15231
Reborn Rich,2022,16,Korean,8.5,192,"Genres: Business, Drama, Fantasy, Political","Original Network: jTBC, ViuTV",40047
Silent,2022,11,Japanese,8.5,193,"Genres: Romance, Life, Melodrama",Original Network: Fuji TV,14461
Enigma,2023,4,Thai,8.5,194,"Genres: Mystery, Horror, Youth, Supernatural","Original Network: Amazon Prime, GMM 25",9852
Age of Youth,2016,12,Korean,8.5,195,"Genres: Comedy, Romance, Life, Drama",Original Network: jTBC,61626
Boku no Ita Jikan,2014,11,Japanese,8.5,196,"Genres: Romance, Life, Drama, Melodrama",Original Network: Fuji TV,15604
Our Secret,2021,24,Chinese,8.5,197,"Genres: Romance, Life, Youth","Original Network: iQiyi, Mango TV",24608
Wonderland of Love,2023,40,Chinese,8.5,198,"Genres: Historical, Romance, Drama, Political",Original Network: Tencent Video,8852
Bad and Crazy,2021,12,Korean,8.5,199,"Genres: Action, Thriller, Mystery, Comedy","Original Network: iQiyi, tvN",52555
Legend of Concubine Zhen Huan,2012,76,Chinese,8.5,200,"Genres: Historical, Drama, Melodrama, Political",Original Network: BTV,5717
Just Between Lovers,2017,16,Korean,8.5,201,"Genres: Psychological, Romance, Melodrama",Original Network: jTBC,81850
My Love from the Star,2013,21,Korean,8.5,202,"Genres: Comedy, Romance, Drama, Supernatural",Original Network: SBS,146066
Reunion: The Sound of the Providence Season 2,2020,30,Chinese,8.5,203,"Genres: Adventure, Thriller, Mystery, Fantasy",Original Network: iQiyi,3397
Arthdal Chronicles Part 1: The Children of Prophecy,2019,6,Korean,8.5,204,"Genres: Historical, Romance, Fantasy, Political","Original Network: Netflix, tvN",35485
The Longest Day in Chang'an,2019,48,Chinese,8.5,205,"Genres: Action, Thriller, Historical, Political",Original Network: Youku,5254
Not Me,2021,14,Thai,8.5,206,"Genres: Action, Thriller, Mystery, Romance",Original Network: GMM 25,46319
365: Repeat the Year,2020,24,Korean,8.5,207,"Genres: Thriller, Mystery, Drama, Fantasy",Original Network: MBC,25568
Rebel: Thief Who Stole the People,2017,30,Korean,8.5,208,"Genres: Action, Thriller, Historical, Romance",Original Network: MBC,17082
A Tale of Thousand Stars,2021,10,Thai,8.5,209,"Genres: Romance, Drama",Original Network: GMM 25,46811
Little Women,2022,12,Korean,8.5,210,"Genres: Action, Thriller, Mystery, Drama","Original Network: Netflix, tvN",47546
Revenge of Others,2022,12,Korean,8.5,211,"Genres: Action, Thriller, Mystery, Drama","Original Network: Disney+, Hulu",35741
Brush Up Life,2023,10,Japanese,8.5,212,"Genres: Comedy, Life, Fantasy",Original Network: NTV,2502
The Kingâ€™s Avatar,2019,40,Chinese,8.5,213,"Genres: Action, Youth, Sports",Original Network: Tencent Video,33049
The Long Night,2020,12,Chinese,8.5,214,"Genres: Thriller, Mystery, Drama",Original Network: iQiyi,3770
My Little Happiness,2021,28,Chinese,8.5,215,"Genres: Comedy, Law, Romance, Drama",Original Network: Tencent Video,32861
Mystic Pop-Up Bar,2020,12,Korean,8.5,216,"Genres: Mystery, Comedy, Drama, Fantasy","Original Network: jTBC, Netflix",50776
Queen Seon Deok,2009,62,Korean,8.5,217,"Genres: Historical, Romance, Drama, Political",Original Network: MBC,12506
Bad Guys,2014,11,Korean,8.5,218,"Genres: Action, Thriller, Psychological, Crime",Original Network: OCN,33777
The Master's Sun,2013,17,Korean,8.5,219,"Genres: Horror, Comedy, Romance, Supernatural",Original Network: SBS,83092
Blind,2022,16,Korean,8.5,221,"Genres: Thriller, Mystery, Drama","Original Network: OCN, tvN",21179
Tonbi,2013,10,Japanese,8.5,222,"Genres: Life, Drama",Original Network: TBS,5926
All of Us Are Dead,2022,12,Korean,8.5,223,"Genres: Action, Thriller, Horror, Sci-Fi",Original Network: Netflix,75047
Remembrance of Things Past,2021,12,Chinese,8.5,224,"Genres: Romance, Life, Drama","Original Network: Hunan TV, Mango TV",4291
The Prince of Tennis,2019,42,Chinese,8.5,225,"Genres: Youth, Drama, Sports",Original Network: Hunan TV,10347
Save Me,2017,16,Korean,8.5,226,"Genres: Action, Thriller, Mystery, Drama",Original Network: OCN,63795
One Ordinary Day,2021,8,Korean,8.5,227,"Genres: Thriller, Mystery, Law, Crime",Original Network: COUPANG TV,24245
W,2016,16,Korean,8.5,228,"Genres: Thriller, Comedy, Romance, Fantasy",Original Network: MBC,172876
My School President,2022,12,Thai,8.5,229,"Genres: Music, Comedy, Romance, Youth",Original Network: GMM 25,30292
"Soredemo, Ikite Yuku",2011,11,Japanese,8.5,230,"Genres: Psychological, Drama",Original Network: Fuji TV,5619
Stay with Me,2023,24,Chinese,8.5,231,"Genres: Life, Youth",Original Network: Youku,15354
The Day of Becoming You,2021,26,Chinese,8.5,232,"Genres: Comedy, Romance, Supernatural",Original Network: iQiyi,20027
Vagabond,2019,16,Korean,8.5,233,"Genres: Action, Thriller, Mystery, Crime","Original Network: Netflix, SBS",80456
Voice,2017,16,Korean,8.5,234,"Genres: Thriller, Mystery, Psychological, Supernatural",Original Network: OCN,37910
Hanzawa Naoki Season 2,2020,10,Japanese,8.5,235,"Genres: Thriller, Business, Drama",Original Network: TBS,1390
"Hi Bye, Mama!",2020,16,Korean,8.5,236,"Genres: Drama, Family, Melodrama, Supernatural","Original Network: Netflix, tvN",40348
Kairos,2020,16,Korean,8.5,237,"Genres: Action, Thriller, Drama, Sci-Fi",Original Network: MBC,18616
Ouroboros,2015,10,Japanese,8.5,238,"Genres: Action, Thriller, Mystery, Crime",Original Network: TBS,16035
SKZ Flix,2023,1,Korean,8.5,239,"Genres: Drama, Sci-Fi",na,855
To Fly With You,2021,35,Chinese,8.5,240,"Genres: Comedy, Romance, Youth, Sports","Original Network: Hunan TV, Tencent Video, ViuTV, Youku",11737
I Hear Your Voice,2013,18,Korean,8.5,241,"Genres: Mystery, Law, Romance, Supernatural",Original Network: SBS,89187
Girl From Nowhere,2018,13,Thai,8.5,242,"Genres: Mystery, Psychological, Drama, Supernatural",Original Network: GMM 25,35289
The World Between Us,2019,10,Taiwanese,8.5,243,"Genres: Law, Crime, Life, Drama",Original Network: PTS,2676
Fight for My Way,2017,16,Korean,8.5,244,"Genres: Business, Comedy, Romance, Sports",Original Network: KBS2,124173
Code Blue Season 3,2017,10,Japanese,8.5,245,"Genres: Drama, Medical",Original Network: Fuji TV,3594
Doctor John,2019,32,Korean,8.5,246,"Genres: Mystery, Romance, Life, Medical",Original Network: SBS,37930
Arsenal Military Academy,2019,48,Chinese,8.5,247,"Genres: Action, Military, Historical, Romance",Original Network: iQiyi,27007
Killer And Healer,2021,37,Chinese,8.5,248,"Genres: Thriller, Historical, Mystery, Crime",Original Network: Mango TV,11359
Dong Yi,2010,60,Korean,8.5,249,"Genres: Adventure, Historical, Mystery, Romance",Original Network: MBC,14346
One Dollar Lawyer,2022,12,Korean,8.5,250,"Genres: Comedy, Law, Drama",Original Network: SBS,17225
Kamen Rider W,2009,49,Japanese,8.5,251,"Genres: Action, Mystery, Tokusatsu, Sci-Fi",Original Network: TV Asahi,4022
The Sleuth of Ming Dynasty,2020,48,Chinese,8.5,252,"Genres: Historical, Mystery, Drama",Original Network: iQiyi,8787
The Bond,2021,36,Chinese,8.5,253,"Genres: Life, Drama",Original Network: Tencent Video,4897
Bad Genius,2020,12,Thai,8.5,254,"Genres: Thriller, Youth, Drama",Original Network: GMM One,4549
Back From the Brink,2023,40,Chinese,8.5,255,"Genres: Romance, Wuxia, Drama, Fantasy",Original Network: Youku,16372
Destined,2023,40,Chinese,8.5,256,"Genres: Historical, Business, Comedy, Romance","Original Network: CCTV, iQiyi",10817
Le Coup de Foudre,2019,35,Chinese,8.5,257,"Genres: Comedy, Romance, Life, Youth","Original Network: Tencent Video, Youku",25692
Guardian,2018,40,Chinese,8.5,258,"Genres: Thriller, Mystery, Fantasy",Original Network: Youku,24743
Reply 1997,2012,16,Korean,8.5,259,"Genres: Comedy, Romance, Life",Original Network: tvN,76448
The Blue Whisper: Part 2,2022,20,Chinese,8.5,260,"Genres: Romance, Wuxia, Fantasy",Original Network: Youku,9574
Time and Him Are Just Right,2022,25,Chinese,8.5,261,"Genres: Romance, Youth",Original Network: Tencent Video,11266
Mad for Each Other,2021,13,Korean,8.5,262,"Genres: Comedy, Romance, Drama","Original Network: Daum Kakao TV, Netflix",32559
Love Is Sweet,2020,36,Chinese,8.5,263,"Genres: Business, Comedy, Romance",Original Network: iQiyi,40571
The Imperial Coroner,2021,36,Chinese,8.5,264,"Genres: Historical, Mystery, Romance, Medical",Original Network: Tencent Video,11107
The First Responders Season 2,2023,12,Korean,8.5,265,"Genres: Action, Thriller, Mystery, Drama","Original Network: ENA, SBS, SBS Plus",7916
A Murderous Affair in Horizon Tower,2020,16,Chinese,8.5,266,"Genres: Thriller, Mystery, Drama",Original Network: Tencent Video,3995
Legally Romance,2022,33,Chinese,8.5,267,"Genres: Comedy, Law, Romance, Fantasy",Original Network: Tencent Video,11819
The Love You Give Me,2023,28,Chinese,8.5,268,"Genres: Comedy, Romance, Drama",Original Network: Tencent Video,22657
I Feel You Linger in the Air,2023,12,Thai,8.5,269,"Genres: Historical, Romance, Drama, Fantasy","Original Network: GMM One, LINE TV, Youku",12610
Itaewon Class,2020,16,Korean,8.5,270,"Genres: Business, Romance, Life, Drama","Original Network: jTBC, Netflix",127736
Thirty But Seventeen,2018,32,Korean,8.5,271,"Genres: Music, Mystery, Comedy, Romance",Original Network: SBS,69384
Go Go Squid!,2019,41,Chinese,8.5,272,"Genres: Comedy, Romance, Youth, Sports","Original Network: Dragon TV, iQiyi, ZJTV",50454
Squid Game,2021,9,Korean,8.5,273,"Genres: Action, Thriller, Mystery, Drama",Original Network: Netflix,122555
Two Weeks,2013,16,Korean,8.5,274,"Genres: Action, Thriller, Mystery, Drama",Original Network: MBC,23666
A Dream of Splendor,2022,40,Chinese,8.5,275,"Genres: Historical, Romance",Original Network: Tencent Video,11770
Juhan Shuttai!,2016,10,Japanese,8.5,276,"Genres: Business, Comedy, Life, Drama",Original Network: TBS,4336
Falling Into You,2022,26,Chinese,8.5,277,"Genres: Romance, Youth, Drama, Sports",Original Network: Youku,8755
Autumn's Concerto,2009,21,Taiwanese,8.5,278,"Genres: Romance, Drama",Original Network: TTV,24063
Kyo Kara Ore wa!!,2018,10,Japanese,8.5,279,"Genres: Action, Comedy, Youth",Original Network: NTV,5095
Goodbye My Princess: Director's Cut,2019,55,Chinese,8.5,280,"Genres: Historical, Romance, Drama, Political",na,2295
"It's Okay, That's Friendship",2021,1,Korean,8.5,281,"Genres: Comedy, Life",na,1653
The Princess's Man,2011,24,Korean,8.4,282,"Genres: Action, Historical, Romance, Political",Original Network: KBS2,21321
Voice Season 2,2018,12,Korean,8.4,283,"Genres: Thriller, Mystery, Psychological, Supernatural",Original Network: OCN,14069
Forever and Ever,2021,30,Chinese,8.4,284,"Genres: Romance, Drama","Original Network: iQiyi, Tencent Video",17560
Liar Game 2,2009,9,Japanese,8.4,285,"Genres: Thriller, Psychological, Drama",Original Network: Fuji TV,12052
Recipe for Farewell,2022,12,Korean,8.4,286,"Genres: Food, Life, Drama",na,3084
Doom at Your Service,2021,16,Korean,8.4,287,"Genres: Comedy, Romance, Drama, Fantasy","Original Network: tvN, ViuTV",89551
F4 Thailand: Boys Over Flowers,2021,16,Thai,8.4,288,"Genres: Comedy, Romance, Youth, Drama",Original Network: GMM 25,37073
Lost,2021,16,Korean,8.4,289,"Genres: Life, Drama, Melodrama","Original Network: iQiyi, jTBC",13122
Happy Birthday,2018,13,Thai,8.4,290,"Genres: Romance, Drama, Fantasy, Supernatural",Original Network: GMM 25,4583
Because This Is My First Life,2017,16,Korean,8.4,291,"Genres: Comedy, Romance, Life, Drama",Original Network: tvN,104966
Dali and the Cocky Prince,2021,16,Korean,8.4,292,"Genres: Comedy, Romance, Drama",Original Network: KBS2,43173
Seasons of Blossom,2022,16,Korean,8.4,293,"Genres: Romance, Youth, Drama",na,12578
Koi wa Tsuzuku yo Doko Made mo,2020,10,Japanese,8.4,294,"Genres: Comedy, Romance, Drama, Medical",Original Network: TBS,30898
The Confidence Man JP,2018,10,Japanese,8.4,295,"Genres: Action, Comedy, Crime",Original Network: Fuji TV,2611
Kleun Cheewit,2017,15,Thai,8.4,296,"Genres: Mystery, Romance, Drama, Melodrama",Original Network: Channel 3,13137
Lost Romance,2020,20,Taiwanese,8.4,297,"Genres: Mystery, Comedy, Romance, Fantasy",Original Network: SET TV,16409
Project S: Side by Side,2017,8,Thai,8.4,298,"Genres: Youth, Sports, Melodrama",Original Network: GMM 25,4133
Crash Course in Romance,2023,16,Korean,8.4,299,"Genres: Thriller, Mystery, Comedy, Romance","Original Network: Netflix, tvN",45259
Circle,2017,12,Korean,8.4,300,"Genres: Thriller, Mystery, Sci-Fi",Original Network: tvN,28462
To the Moon and Back,2023,21,Thai,8.4,301,"Genres: Romance, Life",Original Network: Channel 3,2344
Immortal Samsara: Part 2,2022,21,Chinese,8.4,302,"Genres: Romance, Wuxia, Drama, Fantasy",Original Network: Youku,7688
Bad Buddy,2021,12,Thai,8.4,303,"Genres: Comedy, Romance, Youth","Original Network: GMM 25, WeTV",54840
"Work Later, Drink Now",2021,12,Korean,8.4,304,"Genres: Comedy, Life, Drama",Original Network: TVING,17085
See You in My 19th Life,2023,12,Korean,8.4,305,"Genres: Comedy, Romance, Drama, Fantasy","Original Network: Netflix, TVING, tvN",47785
Angel's Last Mission: Love,2019,32,Korean,8.4,306,"Genres: Comedy, Romance, Drama, Fantasy",Original Network: KBS2,81708
Skate Into Love,2020,40,Chinese,8.4,307,"Genres: Comedy, Romance, Youth, Sports","Original Network: LINE TV, Youku",31521
Sweet Teeth,2021,22,Chinese,8.4,308,"Genres: Comedy, Romance, Drama, Medical",Original Network: iQiyi,19545
Put Your Head on My Shoulder,2019,24,Chinese,8.4,309,"Genres: Comedy, Romance, Life, Youth",Original Network: Tencent Video,69236
The Rebel Princess,2021,68,Chinese,8.4,310,"Genres: Historical, Romance, Drama, Melodrama",Original Network: Youku,8482
Boku Dake ga Inai Machi,2017,12,Japanese,8.4,311,"Genres: Thriller, Mystery, Drama, Supernatural",Original Network: Netflix,13413
Fake It Till You Make It,2023,14,Chinese,8.4,312,"Genres: Business, Romance, Drama","Original Network: Hunan TV, Mango TV",5631
When the Camellia Blooms,2019,40,Korean,8.4,313,"Genres: Thriller, Comedy, Romance, Drama","Original Network: KBS2, Netflix",58282
Kono Sekai no Katasumi ni,2018,9,Japanese,8.4,314,"Genres: Historical, Romance, Life, War",Original Network: TBS,2259
dele,2018,8,Japanese,8.4,315,"Genres: Mystery, Business, Drama",Original Network: TV Asahi,4636
Pachinko,2022,8,Korean,8.4,316,"Genres: Historical, Romance, Drama, Melodrama",na,16677
Moon Embracing the Sun,2012,20,Korean,8.4,317,"Genres: Historical, Romance, Supernatural, Political",Original Network: MBC,56261
Queen In Hyun's Man,2012,16,Korean,8.4,318,"Genres: Historical, Comedy, Romance, Fantasy",Original Network: tvN,49080
Yumi's Cells,2021,14,Korean,8.4,319,"Genres: Psychological, Comedy, Romance, Drama","Original Network: TVING, tvN",41505
Crush,2021,24,Chinese,8.4,320,"Genres: Romance, Life, Youth, Drama",Original Network: iQiyi,26334
Medical Examiner Dr. Qin,2016,20,Chinese,8.4,321,"Genres: Mystery, Drama, Medical",Original Network: Sohu TV,7111
Unforgettable Love,2021,24,Chinese,8.4,322,"Genres: Comedy, Romance, Drama",Original Network: Mango TV,35721
Snowdrop,2021,16,Korean,8.4,323,"Genres: Romance, Drama, Melodrama, Political",Original Network: jTBC,57820
If You Wish Upon Me,2022,16,Korean,8.4,324,"Genres: Romance, Life, Drama, Medical","Original Network: KBS2, ViuTV",26253
Under the Power,2019,55,Chinese,8.4,325,"Genres: Mystery, Comedy, Romance, Wuxia","Original Network: iQiyi, Mango TV",13210
Fall in Love,2021,36,Chinese,8.4,326,"Genres: Historical, Mystery, Romance, Political",Original Network: Youku,14175
The World of the Married,2020,16,Korean,8.4,327,"Genres: Thriller, Romance, Drama, Melodrama",Original Network: jTBC,43420
Hi Venus,2022,24,Chinese,8.4,328,"Genres: Comedy, Romance, Life",Original Network: Youku,10785
Love All Play,2022,16,Korean,8.4,329,"Genres: Romance, Drama, Sports, Melodrama",Original Network: KBS2,28938
The Rise of Phoenixes,2018,70,Chinese,8.4,330,"Genres: Historical, Romance, Melodrama, Political",Original Network: Hunan TV,12569
My Unfamiliar Family,2020,16,Korean,8.4,331,"Genres: Life, Drama",Original Network: tvN,9553
Extracurricular,2020,10,Korean,8.4,332,"Genres: Psychological, Crime, Youth, Drama",Original Network: Netflix,71513
The Blue Whisper: Part 1,2022,22,Chinese,8.4,333,"Genres: Romance, Wuxia, Fantasy",Original Network: Youku,14529
Ever Night,2018,60,Chinese,8.4,334,"Genres: Romance, Wuxia, Drama, Fantasy",Original Network: Tencent Video,14749
Immortal Samsara: Part 1,2022,38,Chinese,8.4,335,"Genres: Romance, Wuxia, Drama, Fantasy",Original Network: Youku,14673
A Time Called You,2023,12,Korean,8.4,336,"Genres: Thriller, Mystery, Romance, Fantasy",Original Network: Netflix,31881
The Crowned Clown,2019,16,Korean,8.4,337,"Genres: Historical, Romance, Melodrama, Political",Original Network: tvN,28579
Love Scenery,2021,31,Chinese,8.4,338,"Genres: Music, Comedy, Romance","Original Network: iQiyi, Tencent Video, Youku",29402
Kaizoku Sentai Gokaiger,2011,51,Japanese,8.4,339,"Genres: Action, Adventure, Tokusatsu, Sci-Fi",Original Network: TV Asahi,2121
Hello Monster,2015,16,Korean,8.4,340,"Genres: Thriller, Mystery, Psychological, Drama",Original Network: KBS2,58815
Train,2020,12,Korean,8.4,341,"Genres: Thriller, Mystery, Sci-Fi",Original Network: OCN,20260
Memorist,2020,16,Korean,8.4,342,"Genres: Action, Thriller, Mystery, Supernatural",Original Network: tvN,37217
Like in the Movies,2020,8,Filipino,8.4,343,"Genres: Comedy, Romance, Drama",na,19711
Konto ga Hajimaru,2021,10,Japanese,8.4,344,"Genres: Life, Youth, Drama",Original Network: NTV,2887
Scarlet Heart,2011,35,Chinese,8.4,345,"Genres: Historical, Romance, Drama, Political",Original Network: Hunan TV,13010
I'm Not a Robot,2017,32,Korean,8.4,346,"Genres: Comedy, Romance, Drama, Sci-Fi",Original Network: MBC,125634
Be Melodramatic,2019,16,Korean,8.4,347,"Genres: Comedy, Romance, Life, Melodrama","Original Network: jTBC, Viki",34201
Ruyi's Royal Love in the Palace,2018,87,Chinese,8.4,348,"Genres: Historical, Romance, Drama, Melodrama",Original Network: Tencent Video,6521
Duel,2017,16,Korean,8.4,349,"Genres: Thriller, Mystery, Sci-Fi",Original Network: OCN,16244
The Mysterious Class,2021,8,Korean,8.4,350,"Genres: Mystery, Horror, Youth, Supernatural",na,7132
When We Were Young,2018,24,Chinese,8.4,351,"Genres: Romance, Life, Youth",Original Network: Tencent Video,22061
"From Now On, Showtime!",2022,16,Korean,8.4,352,"Genres: Mystery, Comedy, Romance, Fantasy","Original Network: MBC, ViuTV",22739
Douluo Continent,2021,40,Chinese,8.4,353,"Genres: Comedy, Romance, Wuxia, Fantasy","Original Network: CCTV, Tencent Video",21457
My Calorie Boy,2022,30,Chinese,8.4,354,"Genres: Comedy, Romance, Youth","Original Network: iQiyi, Tencent Video",5794
Nanba MG5,2022,10,Japanese,8.4,355,"Genres: Action, Comedy, Youth, Drama",Original Network: Fuji TV,1552
Love You Seven Times,2023,38,Chinese,8.4,356,"Genres: Romance, Wuxia, Drama, Fantasy",Original Network: iQiyi,12873
Asa ga Kita,2015,156,Japanese,8.4,357,"Genres: Historical, Business, Life",Original Network: NHK,1866
My Country: The New Age,2019,16,Korean,8.4,358,"Genres: Action, Historical, Romance, Drama","Original Network: jTBC, Netflix",23289
Pinocchio,2014,20,Korean,8.4,359,"Genres: Thriller, Mystery, Comedy, Romance",Original Network: SBS,135289
Partners for Justice,2018,32,Korean,8.4,360,"Genres: Thriller, Mystery, Law, Medical",Original Network: MBC,14877
Extraordinary You,2019,32,Korean,8.4,361,"Genres: Comedy, Romance, Youth, Fantasy",Original Network: MBC,110662
Mad Dog,2017,16,Korean,8.4,362,"Genres: Action, Thriller, Mystery",Original Network: KBS2,32177
99.9: Keiji Senmon Bengoshi Season 2,2018,9,Japanese,8.4,363,"Genres: Mystery, Comedy, Law",Original Network: TBS,2650
A Familiar Stranger,2022,18,Chinese,8.4,364,"Genres: Historical, Romance, Supernatural",Original Network: Mango TV,6662
Amanza,2020,10,Korean,8.4,365,"Genres: Adventure, Life, Fantasy, Melodrama",Original Network: Daum Kakao TV,4380
Military Prosecutor Doberman,2022,16,Korean,8.4,366,"Genres: Action, Military, Mystery, Law",Original Network: tvN,22390
Maiden Holmes,2020,32,Chinese,8.4,367,"Genres: Historical, Mystery, Comedy, Romance",Original Network: Tencent Video,13667
Soundtrack #1,2022,4,Korean,8.4,368,"Genres: Music, Romance",Original Network: Disney+,39563
Secret,2013,16,Korean,8.4,369,"Genres: Romance, Drama, Melodrama",Original Network: KBS2,35411
JIN Season 2,2011,11,Japanese,8.4,370,"Genres: Historical, Sci-Fi, Medical",Original Network: TBS,2554
The Uncanny Counter Season 2: Counter Punch,2023,12,Korean,8.4,371,"Genres: Action, Mystery, Comedy, Supernatural","Original Network: Netflix, OCN, tvN",33443
Love and Destiny,2019,60,Chinese,8.4,372,"Genres: Romance, Wuxia, Drama, Fantasy","Original Network: iQiyi, Viki",13942
A River Runs Through It,2021,36,Chinese,8.4,373,"Genres: Comedy, Romance, Life, Youth",Original Network: Youku,16936
N no Tame ni,2014,10,Japanese,8.4,374,"Genres: Mystery, Romance, Drama",Original Network: TBS,5258
Love Me If You Dare,2015,24,Chinese,8.4,375,"Genres: Thriller, Mystery, Psychological, Romance",Original Network: Dragon TV,33864
Birthcare Center,2020,8,Korean,8.4,376,"Genres: Comedy, Life, Drama, Melodrama",Original Network: tvN,9573
Sell Your Haunted House,2021,16,Korean,8.4,377,"Genres: Thriller, Mystery, Comedy, Fantasy",Original Network: KBS2,26351
Tale of the Nine-Tailed,2020,16,Korean,8.4,378,"Genres: Thriller, Horror, Romance, Fantasy",Original Network: tvN,92409
Justice in the Dark,2023,8,Chinese,8.4,379,"Genres: Action, Thriller, Mystery, Psychological",Original Network: Youku,6781
Side Story of Fox Volant,2022,40,Chinese,8.4,380,"Genres: Wuxia, Drama",Original Network: Tencent Video,3650
Age of Youth Season 2,2017,14,Korean,8.4,381,"Genres: Mystery, Comedy, Romance, Life",Original Network: jTBC,35175
Legend of Fu Yao,2018,66,Chinese,8.4,382,"Genres: Romance, Wuxia, Fantasy","Original Network: Tencent Video, ZJTV",23796
The Princess Wei Young,2016,54,Chinese,8.4,383,"Genres: Historical, Romance, Drama, Political","Original Network: BTV, Dragon TV",20994
Full House,2014,20,Thai,8.3,384,"Genres: Comedy, Romance",Original Network: True4U,19601
Summer Strike,2022,12,Korean,8.3,385,"Genres: Romance, Life, Drama, Melodrama","Original Network: ENA, Genie TV",28233
Exclusive Fairytale,2023,24,Chinese,8.3,386,"Genres: Romance, Youth, Family",Original Network: iQiyi,18203
Good Doctor,2018,10,Japanese,8.3,387,"Genres: Life, Drama, Medical",Original Network: Fuji TV,6710
Good Doctor,2018,10,Japanese,8.3,387,"Genres: Romance, Life, Drama, Medical",Original Network: KBS2,42036
Good Doctor,2013,20,Korean,8.3,418,"Genres: Life, Drama, Medical",Original Network: Fuji TV,6710
Good Doctor,2013,20,Korean,8.3,418,"Genres: Romance, Life, Drama, Medical",Original Network: KBS2,42036
Her Private Life,2019,16,Korean,8.3,388,"Genres: Business, Comedy, Romance, Drama",Original Network: tvN,115779
Reunion: The Sound of the Providence,2020,32,Chinese,8.3,389,"Genres: Adventure, Mystery, Horror, Fantasy","Original Network: iQiyi, Youku",5267
Princess Pearl,1998,24,Chinese,8.3,390,"Genres: Historical, Comedy, Romance",Original Network: Hunan TV,3814
The Good Detective,2020,16,Korean,8.3,391,"Genres: Action, Thriller, Mystery, Drama",Original Network: jTBC,16544
Doctor X Season 5,2017,10,Japanese,8.3,392,"Genres: Comedy, Drama, Medical",Original Network: TV Asahi,1458
Lie After Lie,2020,16,Korean,8.3,393,"Genres: Thriller, Romance, Melodrama",Original Network: Channel A,11690
Daughters,2020,24,Thai,8.3,394,"Genres: Life, Youth, Drama","Original Network: iQiyi, PPTV",2477
Gaus Electronics,2022,12,Korean,8.3,395,"Genres: Business, Comedy, Romance, Life","Original Network: ENA, Genie TV",22719
Jumong,2006,81,Korean,8.3,396,"Genres: Adventure, Historical, Romance, Drama",Original Network: MBC,8893
My Roommate Is a Detective,2020,36,Chinese,8.3,397,"Genres: Thriller, Historical, Mystery, Comedy",Original Network: iQiyi,13365
Kimi to Nara Koi wo Shite Mite mo,2023,5,Japanese,8.3,398,"Genres: Romance, Youth","Original Network: MBS, TVK",7801
The Legend of the Blue Sea,2016,20,Korean,8.3,399,"Genres: Comedy, Romance, Drama, Fantasy",Original Network: SBS,127929
Sh**ting Stars,2022,16,Korean,8.3,400,"Genres: Comedy, Romance, Drama",Original Network: tvN,61022
Doctor Prisoner,2019,32,Korean,8.3,401,"Genres: Thriller, Law, Crime, Medical",Original Network: KBS2,22358
Voice Season 3: City of Accomplices,2019,16,Korean,8.3,402,"Genres: Thriller, Mystery, Psychological, Supernatural",Original Network: OCN,9398
My Roommate Is a Gumiho,2021,16,Korean,8.3,403,"Genres: Comedy, Romance, Fantasy","Original Network: iQiyi, tvN",76927
The Veil,2021,12,Korean,8.3,404,"Genres: Action, Thriller, Mystery, Crime",Original Network: MBC,16837
Ugly Alert,2013,133,Korean,8.3,405,"Genres: Business, Romance, Melodrama",Original Network: SBS,8303
Search: WWW,2019,16,Korean,8.3,406,"Genres: Business, Comedy, Romance, Drama",Original Network: tvN,61324
The Forbidden Flower,2023,24,Chinese,8.3,407,"Genres: Romance, Melodrama",Original Network: Tencent Video,6936
Player,2018,14,Korean,8.3,408,"Genres: Action, Thriller, Mystery, Comedy",Original Network: OCN,19654
The Warp Effect,2022,12,Thai,8.3,409,"Genres: Mystery, Comedy, Romance, Supernatural",Original Network: GMM 25,12669
Scent of Time,2023,30,Chinese,8.3,410,"Genres: Historical, Romance, Drama, Fantasy",Original Network: Youku,5150
Come and Hug Me,2018,32,Korean,8.3,411,"Genres: Thriller, Mystery, Romance, Melodrama",Original Network: MBC,49812
I Don't Want to Be Friends With You,2020,24,Chinese,8.3,412,"Genres: Comedy, Romance, Youth, Fantasy",Original Network: Mango TV,4802
Yumi's Cells Season 2,2022,14,Korean,8.3,413,"Genres: Comedy, Romance, Life",Original Network: TVING,22397
Nine: Nine Times Time Travel,2013,20,Korean,8.3,414,"Genres: Mystery, Romance, Supernatural",Original Network: tvN,16324
Nijiiro Karute,2021,9,Japanese,8.3,415,"Genres: Comedy, Life, Medical",Original Network: TV Asahi,1814
Bitter Blood,2014,11,Japanese,8.3,416,"Genres: Action, Mystery, Comedy",Original Network: Fuji TV,9093
A Little Reunion,2019,49,Chinese,8.3,417,"Genres: Life, Youth, Drama","Original Network: Dragon TV, iQiyi, ZJTV",2272
Moonlight,2021,36,Chinese,8.3,419,"Genres: Business, Comedy, Romance, Drama",Original Network: iQiyi,20296
Moonlight Chicken,2023,8,Thai,8.3,420,"Genres: Food, Romance, Life",Original Network: Disney+,29042
Bokura wa Kiseki de Dekite Iru,2018,10,Japanese,8.3,421,"Genres: Life, Drama",Original Network: Fuji TV,2237
Pride,2004,11,Japanese,8.3,422,"Genres: Romance, Drama, Sports",Original Network: Fuji TV,8352
P.S. I Hate You,2022,18,Thai,8.3,423,"Genres: Mystery, Romance, Drama","Original Network: GMM 25, ViuTV",4601
Saka no Tochu no Ie,2019,6,Japanese,8.3,424,"Genres: Thriller, Psychological, Law, Drama",Original Network: WOWOW,1712
God's Quiz: Reboot,2018,16,Korean,8.3,425,"Genres: Mystery, Medical",Original Network: OCN,3574
Be Reborn,2022,26,Chinese,8.3,426,"Genres: Thriller, Mystery, Crime",Original Network: Youku,3668
Three Kingdoms,2010,95,Chinese,8.3,427,"Genres: Action, Military, Historical, Political",Original Network: CCTV,2546
Don't Disturb My Study,2021,24,Chinese,8.3,428,"Genres: Comedy, Romance, Life, Youth","Original Network: Hunan TV, Mango TV",8748
Arthdal Chronicles: The Sword of Aramun,2023,12,Korean,8.3,429,"Genres: Action, Historical, Romance, Fantasy","Original Network: Disney+, tvN",10985
Cold Case: Shinjitsu no Tobira,2016,10,Japanese,8.3,430,"Genres: Thriller, Mystery, Drama",Original Network: WOWOW,3388
Vampire Prosecutor 2,2012,11,Korean,8.3,431,"Genres: Action, Mystery, Drama, Supernatural",Original Network: OCN,8594
Team Bulldog: Off-duty Investigation,2020,12,Korean,8.3,432,"Genres: Action, Mystery, Comedy, Drama",Original Network: OCN,8089
"At a Distance, Spring Is Green",2021,12,Korean,8.3,433,"Genres: Romance, Life, Youth","Original Network: iQiyi, KBS2, Viki",38023
A League of Nobleman,2023,29,Chinese,8.3,434,"Genres: Thriller, Historical, Mystery, Drama",Original Network: Tencent Video,10420
Divorce Attorney Shin,2023,12,Korean,8.3,435,"Genres: Law, Drama","Original Network: jTBC, Netflix, TVING",9674
Class of Lies,2019,16,Korean,8.3,436,"Genres: Thriller, Mystery, Law, Youth",Original Network: OCN,26483
The Forbidden Marriage,2022,12,Korean,8.3,437,"Genres: Historical, Mystery, Comedy, Romance",Original Network: MBC,20414
Koi Desu: Yankee-kun to Hakujou Garu,2021,10,Japanese,8.3,438,"Genres: Comedy, Romance, Life",Original Network: NTV,8961
100 Days My Prince,2018,16,Korean,8.3,439,"Genres: Historical, Comedy, Romance, Drama",Original Network: tvN,57962
King the Land,2023,16,Korean,8.3,440,"Genres: Comedy, Romance","Original Network: jTBC, Netflix, TVING",67288
God's Gift: 14 Days,2014,16,Korean,8.3,441,"Genres: Thriller, Mystery, Drama, Supernatural",Original Network: SBS,15752
He Is Psychometric,2019,16,Korean,8.3,442,"Genres: Thriller, Mystery, Romance, Supernatural",Original Network: tvN,83400
Confession,2019,16,Korean,8.3,443,"Genres: Thriller, Mystery, Law, Drama",Original Network: tvN,11932
Psychopath Diary,2019,16,Korean,8.3,444,"Genres: Thriller, Mystery, Comedy, Crime",Original Network: tvN,30648
City Hunter,2011,20,Korean,8.3,445,"Genres: Action, Thriller, Crime",Original Network: SBS,84853
Kounodori,2015,10,Japanese,8.3,446,"Genres: Music, Life, Drama, Medical",Original Network: TBS,3313
True Beauty,2020,16,Korean,8.3,447,"Genres: Comedy, Romance, Youth, Drama",Original Network: tvN,124348
Tengoku to Jigoku: Psychona Futari,2021,10,Japanese,8.3,448,"Genres: Mystery, Comedy, Drama, Supernatural",Original Network: TBS,3721
Kamen Rider Build,2017,49,Japanese,8.3,449,"Genres: Action, Tokusatsu, Sci-Fi, War",Original Network: TV Asahi,2617
The Beauty Inside,2018,16,Korean,8.3,450,"Genres: Comedy, Romance, Melodrama, Supernatural",Original Network: jTBC,77033
Hit the Spot,2022,8,Korean,8.3,451,"Genres: Romance, Drama, Mature",Original Network: COUPANG TV,11400
The Youth Memories,2023,38,Chinese,8.3,452,"Genres: Romance, Life, Youth, Drama","Original Network: CCTV, Dragon TV, Tencent Video",4733
JIN,2009,11,Japanese,8.3,453,"Genres: Historical, Sci-Fi, Medical",Original Network: TBS,4878
Perfect and Casual,2020,24,Chinese,8.3,454,"Genres: Comedy, Romance, Drama",Original Network: Mango TV,34882
Call It Love,2023,16,Korean,8.3,455,"Genres: Romance, Drama, Melodrama","Original Network: Disney+, Hulu",24332
We Best Love: No. 1 For You,2021,6,Taiwanese,8.3,456,"Genres: Romance, Youth, Drama",Original Network: Tencent Video,46106
Bloody Monday,2008,11,Japanese,8.3,457,"Genres: Action, Thriller, Mystery, Crime",Original Network: TBS,14819
Nobunaga Concerto,2014,11,Japanese,8.3,458,"Genres: Action, Military, Historical, Comedy",Original Network: Fuji TV,9166
High&Low: The Story of S.W.O.R.D.,2015,10,Japanese,8.3,459,"Genres: Action, Crime, Youth",Original Network: NTV,5880
Celebrity,2023,12,Korean,8.3,460,"Genres: Thriller, Mystery, Drama",Original Network: Netflix,33279
Delicious Romance,2021,20,Chinese,8.3,461,"Genres: Romance, Life, Drama",Original Network: Tencent Video,2679
She Makes My Heart Flutter,2022,5,Korean,8.3,462,"Genres: Comedy, Romance",na,4075
The Oath of Love,2022,32,Chinese,8.3,463,"Genres: Romance, Life, Youth, Drama","Original Network: Hunan TV, Tencent Video",30408
Young Blood,2019,42,Chinese,8.3,464,"Genres: Mystery, Comedy, Wuxia, Fantasy","Original Network: Hunan TV, iQiyi, Mango TV",5686
The Tale of Nokdu,2019,32,Korean,8.3,465,"Genres: Action, Historical, Comedy, Romance",Original Network: KBS2,58428
Jun Jiu Ling,2021,40,Chinese,8.3,466,"Genres: Historical, Mystery, Romance, Drama",Original Network: Youku,8418
My Girlfriend Is an Alien,2019,28,Chinese,8.3,467,"Genres: Comedy, Romance, Fantasy",Original Network: Tencent Video,32611
Who Are You,2020,18,Thai,8.3,468,"Genres: Mystery, Romance, Youth, Drama",Original Network: GMM 25,5557
My Girlfriend Is an Alien Season 2,2022,30,Chinese,8.3,469,"Genres: Comedy, Romance, Sci-Fi, Fantasy",Original Network: Tencent Video,11661
A Love So Beautiful,2017,23,Chinese,8.3,470,"Genres: Comedy, Romance, Life, Youth",Original Network: Tencent Video,62332
SPEC: Birth,2010,10,Japanese,8.3,471,"Genres: Mystery, Comedy, Supernatural",Original Network: TBS,4048
Love O2O,2016,30,Chinese,8.3,472,"Genres: Business, Comedy, Romance, Drama","Original Network: Dragon TV, JSTV, Youku",87174
One Spring Night,2019,32,Korean,8.3,473,"Genres: Romance, Life, Drama, Melodrama","Original Network: MBC, Netflix",46949
Kieta Hatsukoi,2021,10,Japanese,8.3,474,"Genres: Comedy, Romance, Life, Youth",Original Network: TV Asahi,40183
The Nokdu Flower,2019,48,Korean,8.3,475,"Genres: Historical, Romance, War, Political",Original Network: SBS,9191
My Fated Boy,2021,29,Chinese,8.3,476,"Genres: Comedy, Romance, Life",Original Network: Youku,10550
Voice Season 4: Judgment Hour,2021,14,Korean,8.3,477,"Genres: Action, Thriller, Mystery, Supernatural",Original Network: tvN,7489
Gu Family Book,2013,24,Korean,8.3,478,"Genres: Action, Historical, Romance, Fantasy",Original Network: MBC,43764
The Gifted Graduation,2020,13,Thai,8.3,479,"Genres: Thriller, Mystery, Psychological, Supernatural",Original Network: GMM 25,13156
Influence,2021,5,Japanese,8.3,480,"Genres: Thriller, Drama",Original Network: WOWOW,2391
Hua Jai Sila,2019,27,Thai,8.3,481,"Genres: Romance, Crime, Drama, Melodrama",Original Network: GMM One,14253
Legal High 2,2013,10,Japanese,8.3,482,"Genres: Mystery, Business, Comedy, Law",Original Network: Fuji TV,3058
With You,2020,20,Chinese,8.3,483,"Genres: Drama, Medical","Original Network: Dragon TV, GDTV, ZJTV",2755
The Hymn of Death,2018,6,Korean,8.3,484,"Genres: Music, Historical, Romance, Melodrama","Original Network: Netflix, SBS",36409
Iljimae,2008,20,Korean,8.3,485,"Genres: Action, Historical, Romance, Drama",Original Network: SBS,21804
Strange Tales of Tang Dynasty,2022,36,Chinese,8.3,486,"Genres: Mystery, Horror, Wuxia, Fantasy",Original Network: iQiyi,2737
Five Enough,2016,54,Korean,8.3,487,"Genres: Comedy, Romance, Drama, Melodrama",Original Network: KBS2,10069
Doctor X Season 3,2014,11,Japanese,8.3,488,"Genres: Comedy, Drama, Medical",Original Network: TV Asahi,2322
Rookie Cops,2022,16,Korean,8.3,489,"Genres: Romance, Life, Youth, Drama","Original Network: Disney+, Hulu",25495
"Ore no Sukato, Doko Itta?",2019,10,Japanese,8.3,490,"Genres: Comedy, Youth, Drama",Original Network: NTV,1884
Memory,2016,16,Korean,8.3,491,"Genres: Law, Romance, Life, Drama",Original Network: tvN,7232
Bloody Monday Season 2,2010,9,Japanese,8.3,492,"Genres: Action, Thriller, Mystery, Crime",Original Network: TBS,8693
Tree With Deep Roots,2011,24,Korean,8.3,493,"Genres: Historical, Mystery, Political",Original Network: SBS,10194
Nothing But You,2023,38,Chinese,8.3,494,"Genres: Romance, Drama, Sports","Original Network: CCTV, iQiyi, JSTV, Tencent Video",8768
Kotaro wa Hitorigurashi,2021,10,Japanese,8.3,495,"Genres: Comedy, Drama",Original Network: TV Asahi,2612
Liar Game,2007,11,Japanese,8.3,496,"Genres: Thriller, Psychological, Drama",Original Network: Fuji TV,20139
Maou,2008,11,Japanese,8.3,497,"Genres: Thriller, Mystery, Drama, Supernatural",Original Network: TBS,8583
99.9: Keiji Senmon Bengoshi,2016,10,Japanese,8.3,498,"Genres: Mystery, Comedy, Law",Original Network: TBS,4698
Ancient Detective,2020,24,Chinese,8.3,499,"Genres: Mystery, Comedy, Romance, Wuxia",Original Network: Youku,8850
Gannibal,2022,7,Japanese,8.3,500,"Genres: Thriller, Mystery, Horror, Psychological",Original Network: Disney+,3798
The Sound of Your Heart,2016,20,Korean,8.3,501,"Genres: Comedy, Life, Sitcom",Original Network: Naver TV Cast,18371
Money Heist: Korea - Joint Economic Area - Part 1,2022,6,Korean,8.3,502,"Genres: Action, Thriller, Mystery, Crime",Original Network: Netflix,28375
Graceful Family,2019,16,Korean,8.3,503,"Genres: Thriller, Mystery, Drama, Melodrama",Original Network: MBN,23606
Oh My Ghost,2015,16,Korean,8.3,504,"Genres: Thriller, Comedy, Romance, Supernatural",Original Network: tvN,92666
Ping Pong Life,2021,44,Chinese,8.3,505,"Genres: Youth, Drama, Sports",Original Network: iQiyi,3166
Nagi no Oitoma,2019,10,Japanese,8.3,506,"Genres: Romance, Life",Original Network: TBS,3238
Triage,2022,13,Thai,8.3,507,"Genres: Thriller, Romance, Medical, Fantasy",na,19788
Detective L,2019,24,Chinese,8.3,508,"Genres: Thriller, Historical, Mystery, Comedy",na,5035
Tokyo MER: Hashiru Kinkyuukyuumeishitsu,2021,11,Japanese,8.3,509,"Genres: Thriller, Drama, Medical",Original Network: TBS,1298
They Kiss Again,2007,20,Taiwanese,8.3,510,"Genres: Comedy, Romance, Life, Medical",Original Network: CTV,13775
Shinya Shokudo 2,2011,10,Japanese,8.3,511,"Genres: Food, Life, Drama","Original Network: MBS, TBS",1680
Here We Meet Again,2023,32,Chinese,8.3,512,"Genres: Comedy, Romance",Original Network: Tencent Video,14317
Code Blue Season 2,2010,11,Japanese,8.3,513,"Genres: Drama, Medical",Original Network: Fuji TV,5667
Shinya Shokudo,2009,10,Japanese,8.3,514,"Genres: Food, Comedy, Life","Original Network: MBS, TBS",3215
The King's Affection,2021,20,Korean,8.3,515,"Genres: Historical, Romance, Drama","Original Network: KBS2, Netflix",45270
"Ashita, Mama ga Inai",2014,9,Japanese,8.3,516,"Genres: Life, Youth, Drama, Family",Original Network: NTV,3319
Bokura no Shokutaku,2023,10,Japanese,8.3,517,"Genres: Food, Romance, Life, Family",Original Network: BS-TBS,13653
Ore no Hanashi wa Nagai,2019,10,Japanese,8.3,518,"Genres: Comedy, Life, Drama, Family",Original Network: NTV,3156
"My Love, Enlighten Me",2020,24,Chinese,8.3,519,"Genres: Comedy, Romance, Life",Original Network: Tencent Video,16033
The Lost Tomb 2,2019,40,Chinese,8.3,520,"Genres: Action, Adventure, Mystery, Supernatural",Original Network: Tencent Video,5426
